[
  {
    "id": "3a5f1a93-6406-4597-a8d6-c98cd9ca523f",
    "name": "Songs",
    "items": [
      {
        "videoId": "hLQl3WQQoQ0",
        "title": "Adele - Someone Like You (Official Music Video)",
        "thumb": "https://i.ytimg.com/vi/hLQl3WQQoQ0/mqdefault.jpg",
        "rating": 5
      },
      {
        "videoId": "rYEDA3JcQqw",
        "title": "Adele - Rolling in the Deep (Official Music Video)",
        "thumb": "https://i.ytimg.com/vi/rYEDA3JcQqw/mqdefault.jpg",
        "rating": 0
      }
    ]
  }
]